ID,Scene,Baris,Watak,Emosi,Konteks,Teks,Visual,Gambar
"EP1-janji-01-01","janji","1","Mira","ceria","Semua laluan","OK Hakim, berapa bajet kita untuk booth kita esok?","",""
"EP1-janji-02-01","janji","2","Hakim","fokus","Semua laluan","RM100. Aku dah semak duit kelas tadi.","",""
"EP1-janji-03-01","janji","3","Mira","ceria","Semua laluan","Okay! Aku dah sketch ni. Kita jual sandwich dengan air sejuk, pastu letak banner besar dekat depan.","",""
"EP1-janji-04-01","janji","4","Hakim","fokus","Semua laluan","Aku kira semua yang kau senaraikan tu… RM150. Lebih RM50 daripada bajet kita.","",""
"EP1-janji-05-01","janji","5","Mira","risau","Semua laluan","Alamak. Banner kita lukis sendiri je lah. Tapi sandwich dengan air tu, aku nak buat juga.","",""
"EP1-janji-06-01","janji","6","Hakim","fokus","Semua laluan","Kena tengok bahan dan masa juga. Kita nak kumpul duit beli buku kelas, kan? Target bawa balik RM120 lepas semua belanja.","",""
"EP1-janji-07-01","janji","7","Mira","fokus","Semua laluan","Haah. Kalau buat semua sampai duit tak cukup, susah pula nanti.","",""
"EP1-janji-08-01","janji","8","Hakim","fokus","Semua laluan","Aku cadang fokus air dulu. Lebih senang kita urus.","",""
"EP1-janji-09-01","janji","9","Mira","fokus","Semua laluan","Aku rasa sandwich pun boleh laku. Kau rasa macam mana? Kita pilih satu menu, atau buat sikit dua-dua?","",""
"EP1-sepakat-01-01","sepakat","1","Kamu","tenang, membantu","Pelan air","Air dulu. Idea sandwich kita simpan untuk karnival lain.","",""
"EP1-sepakat-01-02","sepakat","1","Kamu","tenang, membantu","Pelan sandwic","Kita pilih sandwich. Air kita lepaskan dulu supaya tak kelam-kabut.","",""
"EP1-sepakat-01-03","sepakat","1","Kamu","tenang, membantu","Pelan campur","Kita buat sikit kedua-duanya. Tapi jumlah kena kecil supaya sempat siap.","",""
"EP1-sepakat-02-01","sepakat","2","Mira","fokus","Pelan air","Sayang juga… tapi okay. Aku boleh buat label cawan. Biar menu sikit, booth tetap lawa.","",""
"EP1-sepakat-02-02","sepakat","2","Mira","ceria","Pelan sandwic","Yes! Aku boleh tunjuk cara bungkus. Hakim, kau tolong kira bahan?","",""
"EP1-sepakat-02-03","sepakat","2","Mira","fokus","Pelan campur","Okay! Ada makanan untuk yang lapar, ada air untuk yang haus.","",""
"EP1-sepakat-03-01","sepakat","3","Hakim","ceria","Pelan air","Deal. Aku senaraikan bahan air; Mira urus label.","",""
"EP1-sepakat-03-02","sepakat","3","Hakim","fokus","Pelan sandwic","Boleh. Aku padam senarai air dulu. Lepas ni kita semak berapa banyak mampu buat.","",""
"EP1-sepakat-03-03","sepakat","3","Hakim","fokus","Pelan campur","Boleh, asalkan kita bahagi kerja. Aku kira kapasiti dulu sebelum janji jumlah.","",""
"EP1-sepakat-04-01","sepakat","4","Pencerita","narasi tenang","Pelan air","Mira melukis cawan di tepi lakarannya. Hakim tarik buku kira-kira ke tengah meja.","Mira melukis cawan di lakaran; Hakim menarik buku kira-kira ke tengah meja.","assets/narasi/cawan.jpg"
"EP1-sepakat-04-02","sepakat","4","Pencerita","narasi tenang","Pelan sandwic","Mira membulatkan lukisan sandwich. Kali ini, mereka merancang menu yang sama.","Close-up lakaran booth: Mira membulatkan sandwich dengan pen merah.","assets/narasi/poster.jpg"
"EP1-sepakat-04-03","sepakat","4","Pencerita","narasi tenang","Pelan campur","Mira menolak lakaran ke tengah. Tiga orang, dua menu—sekarang mereka perlukan cara bekerja.","Tiga tangan menolak lakaran booth ke tengah meja.","assets/narasi/sepakat.jpg"
"EP1-tenaga-01-01","tenaga","1","Hakim","fokus","Semua laluan","Tapak booth dah ada. Jug dan papan pemotong sekolah boleh pinjam. Tapi esok kita cuma ada satu sesi untuk prepare.","",""
"EP1-tenaga-02-01","tenaga","2","Mira","fokus","Semua laluan","Kalau sewa set peralatan RM25, kerja lebih laju. Kalau upah kawan bantu RM15, ada orang boleh urus bahan dan bekas.","",""
"EP1-tenaga-03-01","tenaga","3","Hakim","fokus","Semua laluan","Dengan alat, kita mampu buat 60 unit kerja. Dengan pembantu, 40 unit. Aku tulis dua pilihan dekat sini.","",""
"EP1-tenaga-04-01","tenaga","4","Mira","fokus","Semua laluan","Alat beri kapasiti lebih besar, tapi baki duit kurang. Pembantu lebih murah. Mana satu kita tempah?","",""
"EP1-siap-alat-01-01","siap-alat","1","Pencerita","narasi tenang","Semua laluan","Set peralatan yang kamu tempah sudah sampai. Mira susun bahan untuk contoh sandwich; Hakim semak senarai.","Set peralatan tiba; Mira menyusun bahan sementara Hakim menyemak senarai.","assets/narasi/alat.jpg"
"EP1-siap-alat-02-01","siap-alat","2","Mira","fokus","Semua laluan","Okay, semua ready. Aku buat satu contoh dulu supaya kita tahu langkahnya.","",""
"EP1-siap-alat-03-01","siap-alat","3","Hakim","fokus","Semua laluan","Sewa RM25 dah bayar. Baki RM75.00. Dengan set ni, sesi kita cukup untuk 60 unit kerja.","",""
"EP1-siap-buruh-01-01","siap-buruh","1","Pencerita","narasi tenang","Semua laluan","Kawan yang kamu upah mengambil tugas bahan dan bekas di meja sebelah. Mira dan Hakim menyiapkan contoh di meja utama.","Kawan mengurus bahan dan bekas di meja sebelah.","assets/narasi/pembantu.jpg"
"EP1-siap-buruh-02-01","siap-buruh","2","Mira","fokus","Semua laluan","Best, ada orang bantu. Aku tunjuk contoh; lepas tu kita bahagi tugas ikut jumlah yang dipilih.","",""
"EP1-siap-buruh-03-01","siap-buruh","3","Hakim","fokus","Semua laluan","Upah RM15 dah bayar. Baki RM85.00. Sesi kita cukup untuk 40 unit kerja.","",""
"EP1-kuantiti-01-01","kuantiti","1","Pencerita","narasi tenang","Kapasiti 60 unit kerja; Kapasiti 40 unit kerja","Mira letak salad atas roti contoh. Hakim tandakan dua lajur: air dan sandwich.","Mira meletakkan salad atas roti contoh; buku dua lajur ada di sisi.","assets/narasi/salad.jpg"
"EP1-kuantiti-02-01","kuantiti","2","Hakim","fokus","Kapasiti 60 unit kerja; Kapasiti 40 unit kerja","Satu air guna 1 unit kerja dan bahan RM1. Satu sandwich guna 2 unit kerja dan bahan RM2.","",""
"EP1-kuantiti-03-01","kuantiti","3","Mira","fokus","Kapasiti 60 unit kerja","Jadi kapasiti 60 tu cukup untuk 60 air, atau 30 sandwich. Kalau tambah satu sandwich, kena kurangkan dua air.","",""
"EP1-kuantiti-03-02","kuantiti","3","Mira","fokus","Kapasiti 40 unit kerja","Jadi kapasiti 40 tu cukup untuk 40 air, atau 20 sandwich. Kalau tambah satu sandwich, kena kurangkan dua air.","",""
"EP1-kuantiti-04-01","kuantiti","4","Hakim","fokus","Kapasiti 60 unit kerja","Kalau bahagi kerja sama rata: 30 air dan 15 sandwich. Semua pilihan ni guna bahan bernilai RM60.00.","",""
"EP1-kuantiti-04-02","kuantiti","4","Hakim","fokus","Kapasiti 40 unit kerja","Kalau bahagi kerja sama rata: 20 air dan 10 sandwich. Semua pilihan ni guna bahan bernilai RM40.00.","",""
"EP1-kuantiti-05-01","kuantiti","5","Mira","fokus","Pelan air","Semalam kita pilih fokus air. Bahan jualan belum dibeli—nak teruskan pelan tu atau ubah jumlah sekarang?","",""
"EP1-kuantiti-05-02","kuantiti","5","Mira","fokus","Pelan sandwic","Semalam kita pilih fokus sandwich. Bahan jualan belum dibeli—nak teruskan pelan tu atau ubah jumlah sekarang?","",""
"EP1-kuantiti-05-03","kuantiti","5","Mira","fokus","Pelan campur","Semalam kita pilih sedikit air dan sandwich. Bahan jualan belum dibeli—nak teruskan pelan tu atau ubah jumlah sekarang?","",""
"EP1-stok-01-01","stok","1","Mira","fokus","Pelan dikekalkan","Okay, ikut pelan. Aku susun kerja; kau tolong beli bahan ikut senarai ni.","",""
"EP1-stok-01-02","stok","1","Mira","fokus","Pelan diubah","Okay, kita ubah sebelum beli bahan. Aku tukar susunan kerja dulu supaya semua orang ikut jumlah baru.","",""
"EP1-stok-02-01","stok","2","Pencerita","narasi tenang","Mengikut versi dialog / keadaan pasukan","Selepas bahan dibeli, mereka membahagi tugas. Sedikit demi sedikit, bekas yang kosong mula terisi.","Bekas kosong diisi dengan produk satu demi satu.","assets/narasi/isi.jpg"
"EP1-stok-03-01","stok","3","Hakim","ceria","Keluaran 60 air / 0 sandwich","Siap: 60 air dan 0 sandwich. Bahan RM60.00; baki RM15.00. Semua dah bertutup.","",""
"EP1-stok-03-02","stok","3","Hakim","ceria","Keluaran 30 air / 15 sandwich","Siap: 30 air dan 15 sandwich. Bahan RM60.00; baki RM15.00. Semua dah bertutup.","",""
"EP1-stok-03-03","stok","3","Hakim","ceria","Keluaran 0 air / 30 sandwich","Siap: 0 air dan 30 sandwich. Bahan RM60.00; baki RM15.00. Semua dah bertutup.","",""
"EP1-stok-03-04","stok","3","Hakim","ceria","Keluaran 40 air / 0 sandwich","Siap: 40 air dan 0 sandwich. Bahan RM40.00; baki RM45.00. Semua dah bertutup.","",""
"EP1-stok-03-05","stok","3","Hakim","ceria","Keluaran 20 air / 10 sandwich","Siap: 20 air dan 10 sandwich. Bahan RM40.00; baki RM45.00. Semua dah bertutup.","",""
"EP1-stok-03-06","stok","3","Hakim","ceria","Keluaran 0 air / 20 sandwich","Siap: 0 air dan 20 sandwich. Bahan RM40.00; baki RM45.00. Semua dah bertutup.","",""
"EP1-stok-04-01","stok","4","Pencerita","narasi tenang","Mengikut versi dialog / keadaan pasukan","Mereka angkat bekas ke booth. Baru saja menu hendak digantung, titisan hujan jatuh atas kanopi.","Mira dan Hakim membawa stok ke booth ketika titisan hujan mula jatuh.","assets/narasi/angkat.jpg"
"EP1-langit-01-01","langit","1","Pencerita","narasi tenang","Baki tunai RM15.00; Baki tunai RM45.00","Hakim rapatkan bekas makanan ke bawah bumbung. Mira memandang murid yang berlari menuju ke dewan.","Hakim merapatkan bekas di bawah kanopi; Mira melihat ke arah dewan.","assets/narasi/lindung.jpg"
"EP1-langit-02-01","langit","2","Mira","risau","Baki tunai RM15.00; Baki tunai RM45.00","Weh… laluan kita makin kosong. Belum buka jualan pun hujan dah turun.","",""
"EP1-langit-03-01","langit","3","Hakim","risau","Baki tunai RM15.00","Tunai tinggal RM15.00. Penganjur kata boleh pindah ke ruang berbumbung tepi dewan, tapi kena bayar RM10.","",""
"EP1-langit-03-02","langit","3","Hakim","risau","Baki tunai RM45.00","Tunai tinggal RM45.00. Penganjur kata boleh pindah ke ruang berbumbung tepi dewan, tapi kena bayar RM10.","",""
"EP1-langit-04-01","langit","4","Mira","risau","Baki tunai RM15.00; Baki tunai RM45.00","Ada ruang bantuan percuma juga, cuma kena tunggu giliran. Kalau kekal sini, kita jimat duit tapi pembeli kurang.","",""
"EP1-langit-05-01","langit","5","Hakim","risau","Baki tunai RM15.00; Baki tunai RM45.00","Bekas dah selamat. Sekarang kita pilih tempat—pindah terus, kekal sini, atau tunggu bantuan?","",""
"EP1-dalam-01-01","dalam","1","Pencerita","narasi tenang","Baki tunai RM5.00; Baki tunai RM35.00","Kamu bayar RM10. Mereka mengangkat stok ke ruang berbumbung tepi dewan; hujan masih kedengaran di luar.","Pasukan membawa stok ke ruang berbumbung tepi dewan.","assets/narasi/pindah.jpg"
"EP1-dalam-02-01","dalam","2","Mira","ceria","Baki tunai RM5.00; Baki tunai RM35.00","Dekat sini orang lalu! Kau susun bekas, aku gantung menu.","",""
"EP1-dalam-03-01","dalam","3","Hakim","fokus","Baki tunai RM5.00","Baki RM5.00. Kita dah belanja untuk dapat tempat ni. Jom sediakan jualan.","",""
"EP1-dalam-03-02","dalam","3","Hakim","fokus","Baki tunai RM35.00","Baki RM35.00. Kita dah belanja untuk dapat tempat ni. Jom sediakan jualan.","",""
"EP1-luar-01-01","luar","1","Pencerita","narasi tenang","Baki tunai RM15.00; Baki tunai RM45.00","Mereka kekal di bawah kanopi. Beberapa murid lalu cepat-cepat tanpa berhenti.","Murid berpayung melintasi booth luar tanpa berhenti.","assets/narasi/sunyi.jpg"
"EP1-luar-02-01","luar","2","Mira","risau","Baki tunai RM15.00","Tunai RM15.00 tu kita simpan. Tapi… sunyi juga sini.","",""
"EP1-luar-02-02","luar","2","Mira","risau","Baki tunai RM45.00","Tunai RM45.00 tu kita simpan. Tapi… sunyi juga sini.","",""
"EP1-luar-03-01","luar","3","Hakim","risau","Baki tunai RM15.00; Baki tunai RM45.00","Jom susun menu menghadap laluan. Kita cuba tarik orang yang masih lalu.","",""
"EP1-dibantu-01-01","dibantu","1","Pencerita","narasi tenang","Semua laluan","Selepas menunggu, penganjur memanggil mereka. Pasukan kamu dapat ruang berbumbung tanpa bayaran.","Penganjur memanggil pasukan ke ruang berbumbung tanpa bayaran.","assets/narasi/bantuan.jpg"
"EP1-dibantu-02-01","dibantu","2","Mira","ceria","Semua laluan","Akhirnya! Cepat, kita pindahkan bekas. Dah lambat sikit ni.","",""
"EP1-dibantu-03-01","dibantu","3","Hakim","fokus","Semua laluan","Duit masih ada, tapi masa jualan makin pendek. Kita susun menu dulu.","",""
"EP1-pelanggan-01-01","pelanggan","1","Pencerita","narasi tenang","Ada air untuk jualan","Sebaik menu dipasang, seorang murid berhenti. Dia melihat harga air RM3, kemudian mengira duit di tangannya.","Seorang murid mengira duit di tangannya di depan menu booth.","assets/narasi/syiling.jpg"
"EP1-pelanggan-01-02","pelanggan","1","Pencerita","narasi tenang","Sandwich sahaja","Sebaik menu dipasang, seorang murid berhenti. Dia melihat harga sandwich RM4, kemudian mengira duit di tangannya.","Seorang murid mengira duit di tangannya di depan menu booth.","assets/narasi/syiling.jpg"
"EP1-pelanggan-02-01","pelanggan","2","Murid","segan, lembut","Ada air untuk jualan","Saya ada RM2 je. Tak apa… saya tengok dulu.","",""
"EP1-pelanggan-02-02","pelanggan","2","Murid","segan, lembut","Sandwich sahaja","Saya ada RM3 je. Tak apa… saya tengok dulu.","",""
"EP1-pelanggan-03-01","pelanggan","3","Mira","risau","Ada air untuk jualan; Sandwich sahaja","Sekejap, jangan pergi dulu. Guys, boleh kita bincang harga sebelum mula jual?","",""
"EP1-pelanggan-04-01","pelanggan","4","Hakim","fokus","Ada air untuk jualan; Sandwich sahaja","Harga biasa bantu kumpul dana. Kita boleh turunkan harga, atau asingkan sedikit stok untuk bantuan—tapi duit yang masuk akan berubah.","",""
"EP1-pelanggan-05-01","pelanggan","5","Mira","risau","Ada air untuk jualan; Sandwich sahaja","Aku nak dia boleh beli juga. Tapi buku kelas pun kita kena fikir. Kita buat macam mana?","",""
"EP1-agihan-01-01","agihan","1","Mira","fokus","Agihan biasa","Okay, kita kekalkan harga. Aku jelaskan elok-elok—duit ni untuk buku kelas.","",""
"EP1-agihan-01-02","agihan","1","Mira","ceria","Agihan murid · ada air","Aku tukar menu sekarang. Adik, air RM2 lepas ni. Tunggu kejap, kita nak buka.","",""
"EP1-agihan-01-03","agihan","1","Mira","ceria","Agihan kongsi","Aku asingkan bekas bantuan dulu. Adik boleh ambil daripada bahagian ni bila kita buka.","",""
"EP1-agihan-01-04","agihan","1","Mira","ceria","Agihan murid · sandwich sahaja","Aku tukar menu sekarang. Adik, sandwich RM3 lepas ni. Tunggu kejap, kita nak buka.","",""
"EP1-agihan-02-01","agihan","2","Hakim","fokus","Agihan biasa; Agihan murid · ada air; Agihan murid · sandwich sahaja","Aku tulis harga yang kita setuju. Nanti kutipan jangan campur dengan baki duit bahan.","",""
"EP1-agihan-02-02","agihan","2","Hakim","fokus","Agihan kongsi","Aku tanda stok bantuan supaya tak tercampur dengan kiraan jualan.","",""
"EP1-agihan-03-01","agihan","3","Pencerita","narasi tenang","Agihan biasa; Agihan murid · ada air; Agihan kongsi; Agihan murid · sandwich sahaja","Mira mengambil kad promosi yang disiapkan semalam. Hakim mengangkat tangan memberi isyarat supaya Mira tunggu dulu.","Hakim memberi isyarat berhenti dengan tapak tangan terbuka, tanpa menyentuh Mira.","assets/narasi/kad-stop.png"
"EP1-amanah-01-01","amanah","1","Hakim","risau","Semua laluan","Eh, kad ni tulis setiap pembelian dapat hadiah. Hadiah kita cuma ada lima.","",""
"EP1-amanah-02-01","amanah","2","Mira","risau","Semua laluan","Alamak. Aku buat sebelum kira bajet. Kalau tukar jadi lima pembeli pertama, okay tak?","",""
"EP1-amanah-03-01","amanah","3","Hakim","risau","Semua laluan","Okay. Tapi kalau biarkan ayat lama, orang akan harapkan hadiah yang kita tak ada.","",""
"EP1-amanah-04-01","amanah","4","Mira","risau","Semua laluan","Pen dah ada sini. Kita betulkan dulu, atau tetap gantung kad lama?","",""
"EP1-jualan-01-01","jualan","1","Pencerita","narasi tenang","Mengikut versi dialog / keadaan pasukan","Mira membetulkan kad promosi. Hakim susun stok; kamu menjaga kutipan. Akhirnya, booth mereka dibuka.","Mira membetulkan kad promosi; lima hadiah disusun di sebelahnya.","assets/narasi/betulkan.jpg"
"EP1-jualan-01-02","jualan","1","Pencerita","narasi tenang","Mengikut versi dialog / keadaan pasukan","Kad lama digantung. Mira menyerahkan stok kepada pembeli pertama; kamu mula mengumpulkan bayaran.","Produk diserahkan kepada pembeli dan bayaran diterima.","assets/narasi/jual.jpg"
"EP1-jualan-02-01","jualan","2","Mira","ceria","Mengikut versi dialog / keadaan pasukan","Hadiah untuk lima pembeli pertama ya. Terima kasih singgah booth kita!","",""
"EP1-jualan-02-02","jualan","2","Mira","risau","Mengikut versi dialog / keadaan pasukan","Hakim… ada orang tanya hadiah lagi. Lima hadiah tu dah habis.","",""
"EP1-jualan-03-01","jualan","3","Hakim","fokus","Promosi jujur · lokasi dewan · agihan biasa; Promosi jujur · lokasi dewan · agihan murid; Promosi jujur · lokasi dewan · agihan kongsi","Dekat laluan ni ramai juga singgah. Kau urus bayaran, aku semak bekas yang keluar.","",""
"EP1-jualan-03-02","jualan","3","Hakim","risau","Mengikut versi dialog / keadaan pasukan","Kita kena mengaku kad tu salah. Aku turunkan sekarang—tak boleh terus janji benda yang tak ada.","",""
"EP1-jualan-03-03","jualan","3","Hakim","fokus","Promosi jujur · lokasi luar · agihan biasa; Promosi jujur · lokasi luar · agihan murid; Promosi jujur · lokasi luar · agihan kongsi","Ada yang berhenti, tapi ramai terus menuju ke dewan. Kita teruskan dengan pelanggan yang datang.","",""
"EP1-jualan-03-04","jualan","3","Hakim","fokus","Promosi jujur · lokasi bantuan · agihan biasa; Promosi jujur · lokasi bantuan · agihan murid; Promosi jujur · lokasi bantuan · agihan kongsi","Orang dah mula singgah. Kita kena guna masa yang masih ada sebaik mungkin.","",""
"EP1-jualan-04-01","jualan","4","Pencerita","narasi tenang","Promosi jujur · lokasi dewan · agihan biasa; Promosi jujur · lokasi luar · agihan biasa; Promosi jujur · lokasi bantuan · agihan biasa","Bayaran dikumpulkan, pesanan diserahkan. Hakim menandakan jualan dalam buku yang sama sejak semalam.","Produk diserahkan kepada pembeli dan bayaran diterima.","assets/narasi/jual.jpg"
"EP1-jualan-04-02","jualan","4","Pencerita","narasi tenang","Mengikut versi dialog / keadaan pasukan","Beberapa pelanggan berundur selepas mendengar penjelasan. Mereka meneruskan jualan dengan kad yang sudah diturunkan.","Pelanggan berundur ketika kad promosi diturunkan.","assets/narasi/undur.jpg"
"EP1-jualan-04-03","jualan","4","Pencerita","narasi tenang","Promosi jujur · lokasi dewan · agihan murid; Promosi jujur · lokasi luar · agihan murid; Promosi jujur · lokasi bantuan · agihan murid","Harga baharu membuat lebih ramai murid berhenti. Mira melayan pesanan sementara Hakim menanda setiap unit yang terjual.","Mira melayan barisan murid; Hakim menandakan jualan dalam buku.","assets/narasi/ramai.jpg"
"EP1-jualan-04-04","jualan","4","Pencerita","narasi tenang","Promosi jujur · lokasi dewan · agihan kongsi; Promosi jujur · lokasi luar · agihan kongsi; Promosi jujur · lokasi bantuan · agihan kongsi","Sebahagian stok diagihkan sebagai bantuan. Stok jualan dan bantuan dicatat berasingan, satu demi satu.","Bekas bantuan diserahkan daripada bakul yang berasingan dengan stok jualan.","assets/narasi/agih.jpg"
"EP1-jualan-05-01","jualan","5","Pencerita","narasi tenang","Mengikut versi dialog / keadaan pasukan","Menjelang petang, hujan reda dan pengunjung mula pulang. Mira mengambil kotak kosong. Masa untuk kira baki dan kemas booth.","Hujan reda, pengunjung pulang dan Mira mengambil kotak kosong.","assets/narasi/petang.jpg"
"EP1-penutup-01-01","penutup","1","Pencerita","narasi tenang","Kiraan sebenar pada penutup","Mira menyusun bekas berbaki dalam kotak. Hakim duduk di sebelahnya, membuka semula buku kira-kira.","Mira menyusun bekas berbaki ke dalam kotak; Hakim membuka buku.","assets/narasi/kemas.jpg"
"EP1-penutup-02-01","penutup","2","Hakim","ceria","Kiraan sebenar pada penutup","Hari ni terjual {AIR_TERJUAL} air dan {SANDWICH_TERJUAL} sandwich. Kutipan {JUMLAH_HASIL}.","",""
"EP1-penutup-03-01","penutup","3","Mira","ceria","Kiraan sebenar pada penutup","Belanja semua sekali {JUMLAH_BELANJA}. Jadi duit kelas yang kita bawa balik… {DANA_AKHIR}.","",""
"EP1-penutup-04-01","penutup","4","Kamu","tenang, membantu","Sasaran tunai dicapai","Cukup untuk target buku! Semalam kita cuma ada lakaran. Hari ni kita dah buat jadi.","",""
"EP1-penutup-04-02","penutup","4","Kamu","tenang, membantu","Sasaran tunai belum dicapai","Belum cukup RM120. Kita bawa balik dulu apa yang ada, kemudian fikir cara cukupkan baki.","",""
"EP1-penutup-05-01","penutup","5","Mira","ceria","Promosi jujur","Penat, tapi lega. Kita tepati apa yang kita janji dekat pelanggan.","",""
"EP1-penutup-05-02","penutup","5","Mira","risau","Promosi palsu","Pasal kad tadi… aku kena minta maaf. Lepas ni aku semak dulu sebelum janji apa-apa.","",""
"EP1-penutup-06-01","penutup","6","Hakim","ceria","Promosi jujur","Aku simpan kiraan ni. Banyak yang kita boleh buat lebih baik untuk karnival seterusnya.","",""
"EP1-penutup-06-02","penutup","6","Hakim","risau","Promosi palsu","Kita baiki sama-sama. Aku simpan kiraan ni supaya kita ingat apa yang jadi.","",""
"EP1-penutup-07-01","penutup","7","Pencerita","narasi tenang","Promosi jujur; Promosi palsu","Mira melipat lakaran booth dan menyelitkannya ke dalam buku Hakim. Mereka mengangkat kotak terakhir bersama-sama.","Mira melipat lakaran booth dan menyelitkannya ke dalam buku Hakim.","assets/narasi/lipat.jpg"
"EP1-jelajah-kelas-lakaran","jelajah-kelas","2","Mira","fokus","Klik Lakaran booth","Ni idea booth kita! Air dan sandwich nampak best, tapi kita kena pilih ikut duit dan masa yang ada.","",""
"EP1-jelajah-kelas-buku","jelajah-kelas","2","Hakim","fokus","Klik Buku kira-kira","Duit kelas RM100. Wishlist RM150. Beza RM50 tu sebab kita kena kecilkan pelan, bukan terus janji buat semua.","",""
"EP1-jelajah-persediaan-salad","jelajah-persediaan","2","Mira","ceria","Klik Letak salad","Okay, salad atas roti dulu. Aku susun contoh sandwich ni; lepas pilih kuantiti, baru kita sediakan stok jualan.","",""
"EP1-jelajah-persediaan-jug","jelajah-persediaan","2","Hakim","fokus","Klik Sediakan air","Jug dan bahan air dah ready. Setiap cawan guna bahan serta masa; banyak mana kita buat kena ikut kapasiti pasukan.","",""
"EP1-jelajah-persediaan-kira","jelajah-persediaan","2","Hakim","fokus","Klik Semak kapasiti","Aku semak kiraan sambil Mira susun bahan. Satu air guna 1 unit kerja, satu sandwich guna 2. Kita tak boleh melebihi had sesi ni.","",""
"EP1-jelajah-hujan-bekas","jelajah-hujan","2","Hakim","risau","Klik Jaga bekas","Aku pegang bekas ni supaya makanan kekal bertutup. Stok dah siap; sekarang kita kena pilih lokasi yang sesuai untuk jual.","",""
"EP1-jelajah-hujan-hujan","jelajah-hujan","2","Mira","risau","Klik Tengok laluan","Laluan luar dah sunyi. Jimat bayaran tapak ada manfaat, tapi kita mungkin lepaskan peluang jumpa lebih ramai pembeli.","",""
"EP1-jelajah-senja-kotak","jelajah-senja","2","Mira","ceria","Klik Kemas booth","Kita susun bekas yang masih bertutup dalam kotak. Dah habis karnival, kita tetap kena kira baki dan kemas sama-sama.","",""
"EP1-jelajah-senja-stok","jelajah-senja","2","Hakim","fokus","Klik Semak baki stok","Baki stok: {AIR_BAKI} air dan {SANDWICH_BAKI} sandwich. Jualan dan bantuan dikira berasingan.","",""
"EP1-ending-target-01","ending-target","2","Pencerita","reflektif","Ending pilihan","Janji kelas, tertunai.","",""
"EP1-ending-target-02","ending-target","3","Pencerita","reflektif","Ending pilihan","Dana buku mencapai sasaran. Pasukan kamu mengurus sumber, membuat pilihan dan menerima pengorbanannya. Strategi lain boleh membawa perjalanan yang berbeza.","",""
"EP1-ending-amanah-01","ending-amanah","2","Pencerita","reflektif","Ending pilihan","Janji yang perlu diperbaiki.","",""
"EP1-ending-amanah-02","ending-amanah","3","Pencerita","reflektif","Ending pilihan","Kamu sudah nampak kesan promosi yang tidak benar: pelanggan berundur dan kepercayaan hilang. Dana sahaja tidak menceritakan semuanya. Ada peluang memilih dengan lebih jujur apabila bermain semula.","",""
"EP1-ending-kongsi-01","ending-kongsi","2","Pencerita","reflektif","Ending pilihan","Ada yang kita kongsi.","",""
"EP1-ending-kongsi-02","ending-kongsi","3","Pencerita","reflektif","Ending pilihan","Sasaran dana belum dicapai, tetapi pilihan agihan membuka ruang untuk lebih ramai murid. Bincangkan apa yang diperoleh dan apa yang dilepaskan—kemudian cuba laluan lain.","",""
"EP1-ending-belajar-01","ending-belajar","2","Pencerita","reflektif","Ending pilihan","Belum cukup. Belum habis.","",""
"EP1-ending-belajar-02","ending-belajar","3","Pencerita","reflektif","Ending pilihan","Dana belum mencapai sasaran. Pasukan kamu kini tahu bagaimana kapasiti, lokasi dan kuasa beli membentuk keputusan. Peluang belajar itu boleh dibawa ke percubaan seterusnya.","",""